subject_id,files_count,total_samples,total_duration_minutes,avg_sampling_rate_hz,sampling_consistency
10,30,1580651,,0.0,1.0
6,11,647156,,0.0,1.0
4,8,613802,,0.0,1.0
1,28,830282,,0.0,1.0
12,3,348916,,0.0,1.0
2,8,858915,,0.0,1.0
3,5,189433,,0.0,1.0
13,6,513637,,0.0,1.0
11,6,233662,66950.50565,0.0,1.0
14,2,146686,,0.0,1.0
8,3,331935,102877.33528333333,0.0,1.0
9,4,212500,63954.89018333334,0.0,1.0
5,1,31860,9321.297533333332,0.0,1.0
7,5,254881,70876.13971666667,0.0,1.0
