{
  "0": {
    "precision": 0.6889853747714808,
    "recall": 0.592182794290952,
    "f1-score": 0.6369269769734526,
    "support": 15274.0
  },
  "1": {
    "precision": 0.3457231726283048,
    "recall": 0.39576286273811645,
    "f1-score": 0.3690545363991035,
    "support": 5617.0
  },
  "2": {
    "precision": 0.4160048869883934,
    "recall": 0.7123430962343096,
    "f1-score": 0.5252603162360201,
    "support": 956.0
  },
  "3": {
    "precision": 0.8874172185430463,
    "recall": 0.18381344307270234,
    "f1-score": 0.30454545454545456,
    "support": 729.0
  },
  "4": {
    "precision": 0.43652482269503545,
    "recall": 0.5466252220248667,
    "f1-score": 0.48541009463722395,
    "support": 2252.0
  },
  "5": {
    "precision": 0.8886075949367088,
    "recall": 0.44656488549618323,
    "f1-score": 0.594411515664691,
    "support": 786.0
  },
  "6": {
    "precision": 0.7915492957746478,
    "recall": 0.8920634920634921,
    "f1-score": 0.8388059701492537,
    "support": 315.0
  },
  "7": {
    "precision": 0.368268156424581,
    "recall": 0.7180827886710239,
    "f1-score": 0.48685376661742985,
    "support": 2295.0
  },
  "8": {
    "precision": 0.5533203125,
    "recall": 0.5209635895549835,
    "f1-score": 0.5366546694449706,
    "support": 5438.0
  },
  "9": {
    "precision": 0.6973684210526315,
    "recall": 0.8346456692913385,
    "f1-score": 0.7598566308243727,
    "support": 254.0
  },
  "10": {
    "precision": 0.45331529093369416,
    "recall": 0.5230288836846214,
    "f1-score": 0.48568321855744834,
    "support": 1281.0
  },
  "11": {
    "precision": 0.41191200143087103,
    "recall": 0.7094886013555145,
    "f1-score": 0.5212176077854476,
    "support": 3246.0
  },
  "12": {
    "precision": 0.9440993788819876,
    "recall": 0.8587570621468926,
    "f1-score": 0.8994082840236687,
    "support": 177.0
  },
  "13": {
    "precision": 0.6725746268656716,
    "recall": 0.7670212765957447,
    "f1-score": 0.7166998011928429,
    "support": 940.0
  },
  "14": {
    "precision": 0.8969795037756203,
    "recall": 0.8614348614348615,
    "f1-score": 0.8788479323556613,
    "support": 3861.0
  },
  "15": {
    "precision": 0.7235977766548762,
    "recall": 0.5038705137227305,
    "f1-score": 0.5940676208255549,
    "support": 5684.0
  },
  "16": {
    "precision": 0.0,
    "recall": 0.0,
    "f1-score": 0.0,
    "support": 187.0
  },
  "17": {
    "precision": 0.7887445887445887,
    "recall": 0.6704691812327507,
    "f1-score": 0.7248135256091497,
    "support": 5435.0
  },
  "18": {
    "precision": 0.48056537102473496,
    "recall": 0.2807983482450103,
    "f1-score": 0.35447437011294525,
    "support": 1453.0
  },
  "19": {
    "precision": 0.7798594847775175,
    "recall": 0.6673346693386774,
    "f1-score": 0.7192224622030238,
    "support": 499.0
  },
  "accuracy": 0.583284814481554,
  "macro avg": {
    "precision": 0.6112708639702197,
    "recall": 0.5842625620597386,
    "f1-score": 0.5716107377078858,
    "support": 56679.0
  },
  "weighted avg": {
    "precision": 0.6199776402559519,
    "recall": 0.583284814481554,
    "f1-score": 0.5876769712407789,
    "support": 56679.0
  }
}