{
  "0": {
    "precision": 0.670111225053246,
    "recall": 0.5561738902710488,
    "f1-score": 0.6078494508246575,
    "support": 15274.0
  },
  "1": {
    "precision": 0.31711317659923455,
    "recall": 0.516289834431191,
    "f1-score": 0.3929006909632841,
    "support": 5617.0
  },
  "2": {
    "precision": 0.5715667311411993,
    "recall": 0.6182008368200836,
    "f1-score": 0.5939698492462312,
    "support": 956.0
  },
  "3": {
    "precision": 0.821656050955414,
    "recall": 0.17695473251028807,
    "f1-score": 0.291196388261851,
    "support": 729.0
  },
  "4": {
    "precision": 0.3788429752066116,
    "recall": 0.5088809946714032,
    "f1-score": 0.4343376918703809,
    "support": 2252.0
  },
  "5": {
    "precision": 0.8258064516129032,
    "recall": 0.48854961832061067,
    "f1-score": 0.6139088729016786,
    "support": 786.0
  },
  "6": {
    "precision": 0.9490909090909091,
    "recall": 0.8285714285714286,
    "f1-score": 0.8847457627118644,
    "support": 315.0
  },
  "7": {
    "precision": 0.485589519650655,
    "recall": 0.726797385620915,
    "f1-score": 0.5821989528795811,
    "support": 2295.0
  },
  "8": {
    "precision": 0.5117025292563231,
    "recall": 0.49852887090842224,
    "f1-score": 0.5050298062593145,
    "support": 5438.0
  },
  "9": {
    "precision": 0.6481481481481481,
    "recall": 0.8267716535433071,
    "f1-score": 0.726643598615917,
    "support": 254.0
  },
  "10": {
    "precision": 0.6976495726495726,
    "recall": 0.5097580015612803,
    "f1-score": 0.589084348218313,
    "support": 1281.0
  },
  "11": {
    "precision": 0.4528052805280528,
    "recall": 0.634011090573013,
    "f1-score": 0.5283018867924528,
    "support": 3246.0
  },
  "12": {
    "precision": 0.7537688442211056,
    "recall": 0.847457627118644,
    "f1-score": 0.7978723404255319,
    "support": 177.0
  },
  "13": {
    "precision": 0.609429978888107,
    "recall": 0.9212765957446809,
    "f1-score": 0.7335874629394324,
    "support": 940.0
  },
  "14": {
    "precision": 0.9159134483703095,
    "recall": 0.8660968660968661,
    "f1-score": 0.8903088391906283,
    "support": 3861.0
  },
  "15": {
    "precision": 0.736272439281943,
    "recall": 0.4906755805770584,
    "f1-score": 0.588893581081081,
    "support": 5684.0
  },
  "16": {
    "precision": 0.0,
    "recall": 0.0,
    "f1-score": 0.0,
    "support": 187.0
  },
  "17": {
    "precision": 0.7054579093432007,
    "recall": 0.7015639374425023,
    "f1-score": 0.7035055350553505,
    "support": 5435.0
  },
  "18": {
    "precision": 0.7036199095022625,
    "recall": 0.2140399174122505,
    "f1-score": 0.32823218997361475,
    "support": 1453.0
  },
  "19": {
    "precision": 0.7592997811816192,
    "recall": 0.6953907815631263,
    "f1-score": 0.7259414225941423,
    "support": 499.0
  },
  "accuracy": 0.5791563012756047,
  "macro avg": {
    "precision": 0.6256922440340408,
    "recall": 0.581299482187906,
    "f1-score": 0.5759254335402654,
    "support": 56679.0
  },
  "weighted avg": {
    "precision": 0.6184179532760327,
    "recall": 0.5791563012756047,
    "f1-score": 0.5826762615197403,
    "support": 56679.0
  }
}