{
  "0": {
    "precision": 0.6064662793634756,
    "recall": 0.6287809349220899,
    "f1-score": 0.6174220507875281,
    "support": 15274.0
  },
  "1": {
    "precision": 0.30346727154893066,
    "recall": 0.33345202065159335,
    "f1-score": 0.3177538383238612,
    "support": 5617.0
  },
  "2": {
    "precision": 0.34221146085552867,
    "recall": 0.4435146443514644,
    "f1-score": 0.38633257403189064,
    "support": 956.0
  },
  "3": {
    "precision": 0.8936170212765957,
    "recall": 0.11522633744855967,
    "f1-score": 0.20413122721749696,
    "support": 729.0
  },
  "4": {
    "precision": 0.3358930602957907,
    "recall": 0.5244227353463587,
    "f1-score": 0.409500693481276,
    "support": 2252.0
  },
  "5": {
    "precision": 0.8794871794871795,
    "recall": 0.43638676844783714,
    "f1-score": 0.5833333333333334,
    "support": 786.0
  },
  "6": {
    "precision": 0.7212543554006968,
    "recall": 0.6571428571428571,
    "f1-score": 0.6877076411960132,
    "support": 315.0
  },
  "7": {
    "precision": 0.28975716633193355,
    "recall": 0.6915032679738562,
    "f1-score": 0.40838908903757076,
    "support": 2295.0
  },
  "8": {
    "precision": 0.5366234926306387,
    "recall": 0.44189040088267745,
    "f1-score": 0.4846712384025817,
    "support": 5438.0
  },
  "9": {
    "precision": 0.5560165975103735,
    "recall": 0.5275590551181102,
    "f1-score": 0.5414141414141415,
    "support": 254.0
  },
  "10": {
    "precision": 0.6893523600439078,
    "recall": 0.49024199843871974,
    "f1-score": 0.572992700729927,
    "support": 1281.0
  },
  "11": {
    "precision": 0.5510305438291532,
    "recall": 0.6836105976586568,
    "f1-score": 0.6102021174205967,
    "support": 3246.0
  },
  "12": {
    "precision": 0.9207317073170732,
    "recall": 0.8531073446327684,
    "f1-score": 0.8856304985337243,
    "support": 177.0
  },
  "13": {
    "precision": 0.4820582261340555,
    "recall": 0.7574468085106383,
    "f1-score": 0.5891601158460902,
    "support": 940.0
  },
  "14": {
    "precision": 0.9324286118179248,
    "recall": 0.8541828541828542,
    "f1-score": 0.8915923222492566,
    "support": 3861.0
  },
  "15": {
    "precision": 0.6683061789117738,
    "recall": 0.3824771287825475,
    "f1-score": 0.4865167282085711,
    "support": 5684.0
  },
  "16": {
    "precision": 0.0,
    "recall": 0.0,
    "f1-score": 0.0,
    "support": 187.0
  },
  "17": {
    "precision": 0.7264093756314407,
    "recall": 0.6614535418583257,
    "f1-score": 0.6924114021571649,
    "support": 5435.0
  },
  "18": {
    "precision": 0.33827160493827163,
    "recall": 0.09428768066070199,
    "f1-score": 0.147470398277718,
    "support": 1453.0
  },
  "19": {
    "precision": 0.8982300884955752,
    "recall": 0.40681362725450904,
    "f1-score": 0.56,
    "support": 499.0
  },
  "accuracy": 0.5461811252844969,
  "macro avg": {
    "precision": 0.5835806290910159,
    "recall": 0.4991750302132563,
    "f1-score": 0.5038316055324372,
    "support": 56679.0
  },
  "weighted avg": {
    "precision": 0.5808139633676939,
    "recall": 0.5461811252844969,
    "f1-score": 0.5457271204869848,
    "support": 56679.0
  }
}