{
  "0": {
    "precision": 0.5489543427746028,
    "recall": 0.5722796909781328,
    "f1-score": 0.5603743949738756,
    "support": 15274.0
  },
  "1": {
    "precision": 0.30662580268534734,
    "recall": 0.3740430834965284,
    "f1-score": 0.33699574945865746,
    "support": 5617.0
  },
  "2": {
    "precision": 0.288785046728972,
    "recall": 0.32322175732217573,
    "f1-score": 0.3050345508390918,
    "support": 956.0
  },
  "3": {
    "precision": 0.9090909090909091,
    "recall": 0.0411522633744856,
    "f1-score": 0.07874015748031496,
    "support": 729.0
  },
  "4": {
    "precision": 0.4095744680851064,
    "recall": 0.44449378330373,
    "f1-score": 0.42632027257240207,
    "support": 2252.0
  },
  "5": {
    "precision": 0.8461538461538461,
    "recall": 0.4198473282442748,
    "f1-score": 0.5612244897959183,
    "support": 786.0
  },
  "6": {
    "precision": 0.5365853658536586,
    "recall": 0.5587301587301587,
    "f1-score": 0.5474339035769828,
    "support": 315.0
  },
  "7": {
    "precision": 0.4299544419134396,
    "recall": 0.6579520697167756,
    "f1-score": 0.5200619941449974,
    "support": 2295.0
  },
  "8": {
    "precision": 0.4812239221140473,
    "recall": 0.44538433247517467,
    "f1-score": 0.46261102091490786,
    "support": 5438.0
  },
  "9": {
    "precision": 0.2570281124497992,
    "recall": 0.5039370078740157,
    "f1-score": 0.3404255319148936,
    "support": 254.0
  },
  "10": {
    "precision": 0.4651762682717111,
    "recall": 0.42232630757220924,
    "f1-score": 0.44271685761047463,
    "support": 1281.0
  },
  "11": {
    "precision": 0.46276838739150294,
    "recall": 0.6241528034504005,
    "f1-score": 0.531479538300105,
    "support": 3246.0
  },
  "12": {
    "precision": 0.9803921568627451,
    "recall": 0.847457627118644,
    "f1-score": 0.9090909090909091,
    "support": 177.0
  },
  "13": {
    "precision": 0.7265625,
    "recall": 0.6925531914893617,
    "f1-score": 0.7091503267973857,
    "support": 940.0
  },
  "14": {
    "precision": 0.9069328297814945,
    "recall": 0.8707588707588707,
    "f1-score": 0.888477801268499,
    "support": 3861.0
  },
  "15": {
    "precision": 0.6471475245036441,
    "recall": 0.45302603800140745,
    "f1-score": 0.5329607782262238,
    "support": 5684.0
  },
  "16": {
    "precision": 0.0,
    "recall": 0.0,
    "f1-score": 0.0,
    "support": 187.0
  },
  "17": {
    "precision": 0.6458141674333027,
    "recall": 0.6458141674333027,
    "f1-score": 0.6458141674333027,
    "support": 5435.0
  },
  "18": {
    "precision": 0.3136,
    "recall": 0.1348933241569167,
    "f1-score": 0.18864292589027912,
    "support": 1453.0
  },
  "19": {
    "precision": 0.7730769230769231,
    "recall": 0.4028056112224449,
    "f1-score": 0.5296442687747036,
    "support": 499.0
  },
  "accuracy": 0.5285908361121403,
  "macro avg": {
    "precision": 0.5467723507585526,
    "recall": 0.4717414708359504,
    "f1-score": 0.47585998195319623,
    "support": 56679.0
  },
  "weighted avg": {
    "precision": 0.5461856480858052,
    "recall": 0.5285908361121403,
    "f1-score": 0.525739171551754,
    "support": 56679.0
  }
}