{
  "0": {
    "precision": 0.7001247401247401,
    "recall": 0.5511981144428441,
    "f1-score": 0.6167991501520202,
    "support": 15274.0
  },
  "1": {
    "precision": 0.3965174129353234,
    "recall": 0.4256720669396475,
    "f1-score": 0.4105778312011677,
    "support": 5617.0
  },
  "2": {
    "precision": 0.5095541401273885,
    "recall": 0.7531380753138075,
    "f1-score": 0.6078514140987759,
    "support": 956.0
  },
  "3": {
    "precision": 0.9132947976878613,
    "recall": 0.2167352537722908,
    "f1-score": 0.35033259423503327,
    "support": 729.0
  },
  "4": {
    "precision": 0.5057959814528593,
    "recall": 0.5812611012433393,
    "f1-score": 0.5409090909090909,
    "support": 2252.0
  },
  "5": {
    "precision": 0.8606194690265486,
    "recall": 0.494910941475827,
    "f1-score": 0.6284329563812601,
    "support": 786.0
  },
  "6": {
    "precision": 0.8681672025723473,
    "recall": 0.8571428571428571,
    "f1-score": 0.8626198083067093,
    "support": 315.0
  },
  "7": {
    "precision": 0.4914637559473832,
    "recall": 0.7651416122004358,
    "f1-score": 0.5985003408316292,
    "support": 2295.0
  },
  "8": {
    "precision": 0.5405971712938711,
    "recall": 0.5693269584406032,
    "f1-score": 0.554590237348858,
    "support": 5438.0
  },
  "9": {
    "precision": 0.672566371681416,
    "recall": 0.8976377952755905,
    "f1-score": 0.7689713322091062,
    "support": 254.0
  },
  "10": {
    "precision": 0.3190371991247265,
    "recall": 0.5690866510538641,
    "f1-score": 0.40886146943353896,
    "support": 1281.0
  },
  "11": {
    "precision": 0.3995488964072821,
    "recall": 0.7640172520024646,
    "f1-score": 0.5247011530730985,
    "support": 3246.0
  },
  "12": {
    "precision": 0.9135802469135802,
    "recall": 0.8361581920903954,
    "f1-score": 0.8731563421828908,
    "support": 177.0
  },
  "13": {
    "precision": 0.8101694915254237,
    "recall": 0.7627659574468085,
    "f1-score": 0.7857534246575343,
    "support": 940.0
  },
  "14": {
    "precision": 0.9380727575673424,
    "recall": 0.8749028749028749,
    "f1-score": 0.905387295631198,
    "support": 3861.0
  },
  "15": {
    "precision": 0.673560151211919,
    "recall": 0.532899366643209,
    "f1-score": 0.5950299577644632,
    "support": 5684.0
  },
  "16": {
    "precision": 0.8518518518518519,
    "recall": 0.12299465240641712,
    "f1-score": 0.21495327102803738,
    "support": 187.0
  },
  "17": {
    "precision": 0.8159446817164938,
    "recall": 0.7381784728610855,
    "f1-score": 0.7751159196290572,
    "support": 5435.0
  },
  "18": {
    "precision": 0.38636363636363635,
    "recall": 0.2924982794218858,
    "f1-score": 0.33294163728946335,
    "support": 1453.0
  },
  "19": {
    "precision": 0.8937329700272479,
    "recall": 0.657314629258517,
    "f1-score": 0.7575057736720554,
    "support": 499.0
  },
  "accuracy": 0.5999576562748108,
  "macro avg": {
    "precision": 0.6730281462779621,
    "recall": 0.6131490552167382,
    "f1-score": 0.6056495500017494,
    "support": 56679.0
  },
  "weighted avg": {
    "precision": 0.6366020032324933,
    "recall": 0.5999576562748108,
    "f1-score": 0.6041901534597736,
    "support": 56679.0
  }
}